"item_id","group_id","title","media_name","read_count","keywords","source","comment_count","article_url","share_count","publish_time"
6397195280617308000,6397195280617308000,"如何知道自己手机是不是被监控了呢？",,1553881,"窃听者,安卓手机","悟空问答",422,"http://toutiao.com/item/6397195280617308417/",3197,1489463097
6397733393085235000,6397733393085235000,"国产手机品牌中哪个最好？",,1523753,"智能手机,OPPO,三星,oppo,国产手机","悟空问答",2905,"http://toutiao.com/item/6397733393085235457/",1475,1489588383
6422944171241244000,6422945050464518000,"世界奇人，连爱迪生都甘拜下风，被称作最接近神的男人","小豆观天下",14314,"发明家,特斯拉,科学界,交流电,尼古拉·特斯拉,爱迪生","小豆观天下",8,"http://toutiao.com/group/6422945050464518402/",18,1495459424
6428344069377753000,6428344069377753000,"普通人如何快速赚到100万？",,151992,"人工智能,核心,衣食住行,趣分期,互联网行业,刚需,Snapchat,七宗罪,Facebook,可口可乐","悟空问答",251,"http://toutiao.com/item/6428344069377753346/",6790,1496715488
6428874500724490000,6428874500724490000,"什么是B站？怎么进B站看电影？",,514926,"QAQ,A站,秒速五厘米,哔哩哔哩,B站","悟空问答",77,"http://toutiao.com/item/6428874500724490497/",1673,1496838988
6431328912105539000,6431326878044340000,"山上的野果子药用价值高 但是连百度都不知道它叫啥？","美食搜寻家",79027,"水蜜桃,百度","美食搜寻家",116,"http://toutiao.com/group/6431326878044340482/",23,1497410450
6432823739397703000,6432821442908668000,"互联网身价百亿富豪的办公室都啥样，马云的最有意思！","赫本胶片",126448,"办公室,马云,李彦宏,刘强东,马化腾","赫本胶片",45,"http://toutiao.com/group/6432821442908668161/",66,1497758492
6433938224766256000,6433630790718456000,"如何添加一笔使等式成立？","春华之秋实",37066,,"春华之秋实",82,"http://toutiao.com/group/6433630790718456066/",199,1498017978
6434066443049895000,6434084549433852000,"脑洞真大，一个苹果被你弄的不成个苹果样","爱一朵花",216315,"印度,苹果,脑洞","爱一朵花",36,"http://toutiao.com/group/6434084549433852162/",116,1498052662
6434109299760301000,6434111844562043000,"挖掘机被吊到百米高空作业，蓝翔“挖掘能手”也自叹不如","我们来阅图吧",341534,"定向爆破,挖掘机","我们来阅图吧",79,"http://toutiao.com/group/6434111844562043138/",188,1498059339
6438898608732374000,6438896877017645000,"马云旧照，谁能想象当年的稚嫩小伙会成为叱咤商界的马云","说好一生一世",6966,"马云","说好一生一世",8,"http://toutiao.com/group/6438896877017645313/",13,1499172907
6440374221007750000,6440374586830799000,"寿命仅剩10年的亿万富翁，和还能活70年的市井小民，假如上帝让你选，你想成为谁？","瘦身唠",25430,,"瘦身唠",287,"http://toutiao.com/group/6440374586830799106/",67,1499517010
6441059692092327000,6441057601400472000,"比尔盖茨预言：未来马云能够取代他，成为世界首富！","IT智慧",8346,"世界首富,比尔·盖茨,蚂蚁金服,比尔盖茨,马云","IT智慧",26,"http://toutiao.com/group/6441057601400471809/",42,1499676074
6441069153469072000,6441077854797365000,"卧室wifi信号差？手把手教你设置无线路由桥接，让信号立马满格","兵哥看天下",7054,"设置,无线桥接,路由器设置,设置界面,路由器设置界面","兵哥看天下",2,"http://toutiao.com/group/6441077854797365506/",226,1499680805
6441690423562864000,6428589418215621000,"教会你U盘装WIN 10系统，只需几分钟，还能省好几十块钱呢！","酷玩数码",8658,"Windows10,U盘,操作系统,Windows,安装程序","酷玩数码",11,"http://toutiao.com/group/6428589418215620866/",454,1499851969
6441752978050254000,6441778592405701000,"借虎爪之力，杀敌于十步之内","器合志",5820,"马来亚,巴厘岛,爪刀","器合志",7,"http://toutiao.com/group/6441778592405700865/",9,1499845311
6442315697040131000,6442309857608466000,"马云的24小时无人购物超市背后的猫腻你懂吗？","尧月君",4392,"人像识别,无人购物超市,蚂蚁金服,马云,物联网","尧月君",11,"http://toutiao.com/group/6442309857608466689/",16,1499968510
6443289435680278000,6443285056462586000,"中国移动“超级日租卡”：1天1元500M流量！","YY胡",4573,"中国移动,超级日租卡,来电显示,物联网,运营商","YY胡",33,"http://toutiao.com/group/6443285056462586113/",10,1500195227
6443296025892357000,6443292359522337000,"实用好软推荐——夸克浏览器","锐锋科技",1384,"安装包,浏览器","锐锋科技",15,"http://toutiao.com/group/6443292359522337026/",1,1500196761
6443356252931098000,6443359316011254000,"比特币即将崩盘？大量矿卡流入二手市场","大叔已过不惑年",4264,"显卡吧,比特币,二手市场","大叔已过不惑年",20,"http://toutiao.com/group/6443359316011254017/",24,1500212674
